<?xml version="1.0" encoding="UTF-8"?>
<project-private xmlns="http://www.netbeans.org/ns/project-private/1">
    <editor-bookmarks xmlns="http://www.netbeans.org/ns/editor-bookmarks/2" lastBookmarkId="0"/>
    <open-files xmlns="http://www.netbeans.org/ns/projectui-open-files/2">
        <group>
            <file>file:/C:/Users/gra_i/Documents/NetBeansProjects/Sistema_cudadoria/src/com/curadoria/view/HomePanel.java</file>
            <file>file:/C:/Users/gra_i/Documents/NetBeansProjects/Sistema_cudadoria/src/com/curadoria/view/CadastroUsuarioPanel.java</file>
            <file>file:/C:/Users/gra_i/Documents/NetBeansProjects/Sistema_cudadoria/src/com/curadoria/view/CadastroRecursoPanel.java</file>
            <file>file:/C:/Users/gra_i/Documents/NetBeansProjects/Sistema_cudadoria/src/com/curadoria/view/ListagemUsuariosPanel.java</file>
            <file>file:/C:/Users/gra_i/Documents/NetBeansProjects/Sistema_cudadoria/src/com/curadoria/view/TelaPrincipal.java</file>
            <file>file:/C:/Users/gra_i/Documents/NetBeansProjects/Sistema_cudadoria/src/com/curadoria/view/TelaLogin.java</file>
            <file>file:/C:/Users/gra_i/Documents/NetBeansProjects/Sistema_cudadoria/src/com/curadoria/view/PerfilPanel.java</file>
            <file>file:/C:/Users/gra_i/Documents/NetBeansProjects/Sistema_cudadoria/src/com/curadoria/view/ListagemConteudosPanel.java</file>
            <file>file:/C:/Users/gra_i/Documents/NetBeansProjects/Sistema_cudadoria/src/com/curadoria/view/PainelExcluirRecurso.java</file>
            <file>file:/C:/Users/gra_i/Documents/NetBeansProjects/Sistema_cudadoria/src/com/curadoria/view/AdminsInfoPanel.java</file>
            <file>file:/C:/Users/gra_i/Documents/NetBeansProjects/Sistema_cudadoria/src/com/curadoria/dao/ConexaoFactory.java</file>
            <file>file:/C:/Users/gra_i/Documents/NetBeansProjects/Sistema_cudadoria/src/com/curadoria/dao/RepositorioUsuarios.java</file>
            <file>file:/C:/Users/gra_i/Documents/NetBeansProjects/Sistema_cudadoria/src/com/curadoria/dao/RepositorioConteudos.java</file>
        </group>
    </open-files>
</project-private>
